"mean","lower","upper"
NA,0.127929270463849,NA
1.33829300977962,1.72485230027452,0.982951125679939
4.8415415897141,5.89718781351769,4.05844955150595
15.7574344281254,19.123272293554,14.3307336292661
