"mean","lower","upper"
NA,0.0853793896356043,NA
1.01979912808082,1.48889018312154,0.80772403586014
4.23173156961814,5.72566580116123,3.21282377760365
15.5590059838175,29.4191985625434,11.7389891464552
