"mean","lower","upper"
NA,0.121147585387964,NA
1.07578443427785,1.51283001556009,0.830898145576526
4.33362056619075,5.6440501957945,3.26456356081013
15.4854881124935,17.8523870408366,11.7544266492754
