"mean","lower","upper"
NA,0.168844954772068,NA
1.37599566178938,1.7764721041958,0.978915476441422
4.84213872658091,6.19203722098185,3.8578595124868
15.8635560651026,19.4956399840003,12.9907311962759
