"mean","lower","upper"
NA,0.136152679970221,NA
1.06957713332767,1.64075393873883,0.792636848128101
4.54410196946865,7.09275801382487,3.14342587614903
17.1270923168464,35.4447040949146,14.2546722011691
