"mean","lower","upper"
3.86648745608805,3.95386626365097,3.80170811966254
7.31788921686323,7.48790760190841,7.20748182361996
12.2721185883442,12.793076278962,11.9725019917967
26.0302673224016,30.5532092711619,24.3183077379198
