"mean","lower","upper"
NA,0.128568843186174,NA
1.14263355016356,1.57132959737032,0.846991537689449
4.61501488675335,6.14124670070721,3.47428341690247
16.6799684323689,28.8573654601496,13.9907644043371
