"mean","lower","upper"
NA,0.163480367770527,NA
1.4046042625345,1.75247951894498,1.05356728687957
4.99019197891236,6.07968711997406,4.26036050583574
15.5222198445206,17.3827599544172,14.0915989320594
