"mean","lower","upper"
NA,0.155999793943927,NA
1.34491614604094,1.72410638312631,0.995849504358873
4.87222021019621,5.86897616738331,4.1287198729476
15.5441911502178,16.9149670491063,14.1641773885121
