"mean","lower","upper"
NA,0.173503396803747,NA
1.33658141401416,1.74757832332407,0.963464766145878
4.75004151108685,6.13571092370777,3.66636510142517
16.0257670174303,22.891140589042,12.1608280360964
