"mean","lower","upper"
NA,0.120907002284568,NA
1.01360513712794,1.53065673409193,0.776927424831784
4.22360338190202,6.01147044777365,3.03942935203531
16.742090584717,28.8666353771309,12.6437081294058
