"mean","lower","upper"
NA,0.16014689115019,NA
1.39025554760632,1.77684963698366,1.02290470177173
4.92087259461394,6.09587886763006,4.10058046063611
15.7299165597027,17.6638899980336,14.0269378370127
