"mean","lower","upper"
NA,0.145727261036478,NA
1.13104723769725,1.6879169488459,0.85885256146989
4.61152668641858,6.98249977461866,3.30933273636827
15.7728298829467,35.0204996744653,11.5605120554894
