"mean","lower","upper"
NA,0.090630985028668,NA
0.990100740674786,1.51509431381714,0.755867431146958
4.12898682995878,5.93614752362362,3.04479971537679
16.2501430349877,28.4022424458712,11.4245159084437
