"mean","lower","upper"
NA,0.15387113336884,NA
1.3504054402435,1.76925183782746,0.970033893896689
4.77057245664112,6.26471105579064,3.7661504082984
16.3686022781505,23.7203229760119,12.5877878400851
