"mean","lower","upper"
NA,0.156530339431696,NA
1.38254225145373,1.74636771327329,1.03383560033098
4.95119173329823,6.10706625226236,4.18081750268887
15.8182425597762,18.6441084416517,12.9891349877561
