"mean","lower","upper"
NA,0.153189545883244,NA
1.13610129871794,1.60277675668988,0.848558899629048
4.59975418915803,6.3086407497374,3.39932434643988
16.4284125494766,28.2166973631281,12.3864202222081
