"mean","lower","upper"
NA,0.134784595824734,NA
1.06516185661886,1.60196025200717,0.780908877624037
4.3980398787766,6.68409278497011,3.10368145073558
16.9894153640557,35.0390228377016,11.9018213299503
