"mean","lower","upper"
NA,0.166672465765304,NA
1.34705591954792,1.72136007998347,0.976629670908164
4.72532114494812,6.05167850356535,3.75432798018373
16.3149951388185,24.9172952558062,12.4478401804127
