"mean","lower","upper"
NA,0.0291740716317438,NA
1.15640340431984,1.27287228827866,1.02349454160944
4.25778376079166,4.57353341137346,3.97159712013074
15.9365779642269,18.5516275862782,14.8357509166497
