"mean","lower","upper"
6.61003047166149,6.71304580971783,6.50015783307731
9.81043680167521,9.93494297195953,9.68277301770216
13.9794896193926,14.276647763541,13.7402125454958
27.028810372016,27.9719649101972,25.9798409505831
