"mean","lower","upper"
NA,0.0374448859015063,NA
1.12322354213866,1.27977775107725,0.986041022655252
4.2665319603232,4.68145723032538,3.88882718572718
15.5827618126398,17.1295125388839,14.2332900257725
