"mean","lower","upper"
NA,0.0424613729914236,NA
1.29401173707989,1.42956482051402,1.17672543009069
4.83555098879083,5.1413942711299,4.57373935792955
16.1809188551146,17.1565942259555,15.5145850341698
