"mean","lower","upper"
NA,0.0376304936653075,NA
1.08615500593706,1.24718473400052,0.957130054656199
4.23691294871652,4.69742777253799,3.82943919066499
15.3232544322271,16.9913373724501,14.1526905385366
