"mean","lower","upper"
0.0787282186836107,0.13017013677615,0.0274356985661483
1.54544383188458,1.68006792528792,1.42296979623397
5.15047320700178,5.52010349301474,4.84015579982456
17.4164295176913,19.0729835409706,15.3677511472135
